//アドレス指定方法,,,,,,,,,,,,,,
// XY ---- X0　　　　直接I/O 先頭にアドレスタイプ(XorY)その後16進数でアドレス指定(桁数指定無し),,,,,,,,,,,,,,
// C0 ----- C01S00I00　C0C0-Link経由　先頭C0固定，その後ﾕﾆｯﾄ設定番号1桁，その後S固定，その後スレーブ番号16進数2桁，その後I(IN)orO(OUT)，その後アドレス16進数2桁,,,,,,,,,,,,,,
No.,IND1,TRN1,SPIN1,SPIN2,SPIN3,SPIN4,SPIN5,SPIN6,BAKE1,BAKE2,EEW1,EEW2,CVP1,IFB1
0,X20,C04S03I00,C04S0CI00,C04S0CI02,C04S0CI04,C04S0CI06,,,V1B0000,V1B0008,C04S0AI00,C04S0BI00,C04S13I00,C04S09I00
1,X24,C04S03I01,C04S0CI01,C04S0CI03,C04S0CI05,C04S0CI07,,,V1B0001,V1B0009,C04S0AI01,C04S0BI01,C04S13I01,C04S09I01
2,X28,C04S03I02,C04S0CI0F,C04S0CI0F,C04S0CI0F,C04S0CI0F,,,V1B0002,V1B0010,C04S0AI02,C04S0BI02,C04S13I02,C04S09I02
3,X2C,C04S03I03,C04S0DI00,C04S0DI02,C04S0DI04,C04S0DI06,,,V1B0003,V1B0011,C04S0AI03,C04S0BI03,C04S13I03,C04S09I03
4,X23,,C04S0DI01,C04S0DI03,C04S0DI05,C04S0DI07,,,V1B0004,V1B0012,C04S0AI04,C04S0BI04,C04S13I04,C04S09I04
5,X27,,C04S0DI0F,C04S0DI0F,C04S0DI0F,C04S0DI0F,,,V1B0005,V1B0013,C04S0AI05,C04S0BI05,C04S13I05,C04S09I05
6,X2B,,C04S0EI00,C04S0EI08,C04S0EI10,C04S0EI18,,,V1B0006,V1B0014,C04S0AI06,C04S0BI06,C04S13I06,C04S09I06
7,X2F,,C04S0EI01,C04S0EI09,C04S0EI11,C04S0EI19,,,V1B0007,V1B0015,C04S0AI07,C04S0BI07,C04S13I07,C04S09I07
8,,,C04S0EI02,C04S0EI0A,C04S0EI12,C04S0EI1A,,,C04S11I09,C04S11I19,C04S0AI08,C04S0BI08,,C04S08I00
9,,,C04S0EI03,C04S0EI0B,C04S0EI13,C04S0EI1B,,,C04S11I0A,C04S11I1A,C04S0AI09,C04S0BI09,,C04S08I01
10,,,C04S0EI04,C04S0EI0C,C04S0EI14,C04S0EI1C,,,C04S11I0B,C04S11I1B,C04S0AI0A,C04S0BI0A,,C04S08I02
11,,,C04S0EI05,C04S0EI0D,C04S0EI15,C04S0EI1D,,,C04S11I0C,C04S11I1C,C04S0AI0B,C04S0BI0B,,C04S08I03
12,,,C04S0EI06,C04S0EI0E,C04S0EI16,C04S0EI1E,,,C04S11I0D,C04S11I1D,C04S0AI0C,C04S0BI0C,,C04S08I04
13,,,C04S0EI07,C04S0EI0F,C04S0EI17,C04S0EI1F,,,C04S0CI09,C04S0CI0C,C04S0AI0D,C04S0BI0D,,C04S08I05
14,,,C04S0FI00,C04S0FI08,C04S0FI10,C04S0FI18,,,C04S0CI0A,C04S0CI0D,C04S0AI0E,C04S0BI0E,,C04S08I06
15,,,C04S0FI01,C04S0FI09,C04S0FI11,C04S0FI19,,,C04S0CI0B,C04S0CI0E,C04S0AI0F,C04S0BI0F,,C04S08I07
16,C04S01I00,,C04S0FI02,C04S0FI0A,C04S0FI12,C04S0FI1A,,,C04S15I00,C04S21I00,C04S0AO10,C04S0BO10,,C04S08I08
17,C04S01I01,,C04S0FI03,C04S0FI0B,C04S0FI13,C04S0FI1B,,,C04S15I01,C04S21I01,C04S0AO11,C04S0BO11,,C04S08I09
18,,,C04S0FI04,C04S0FI0C,C04S0FI14,C04S0FI1C,,,C04S15I02,C04S21I02,C04S0AO12,C04S0BO12,,C04S08I0A
19,,,C04S0FI05,C04S0FI0D,C04S0FI15,C04S0FI1D,,,C04S15I03,C04S21I03,C04S0AO13,C04S0BO13,,C04S08I0B
20,C04S01I04,,C04S0FI06,C04S0FI0E,C04S0FI16,C04S0FI1E,,,C04S15I04,C04S21I04,C04S0AO14,C04S0BO14,,C04S08I0C
21,C04S01I05,,C04S0FI07,C04S0FI0F,C04S0FI17,C04S0FI1F,,,C04S15I05,C04S21I05,C04S0AO15,C04S0BO15,,C04S08I0D
22,C04S01I06,,C04S10I00,C04S10I08,C04S10I10,C04S10I18,,,C04S15I06,C04S21I06,C04S0AO16,C04S0BO16,,C04S08I0E
23,C04S01I07,,C04S10I01,C04S10I09,C04S10I11,C04S10I19,,,C04S15I07,C04S21I07,C04S0AO17,C04S0BO17,,C04S08I0F
24,C04S01I09,,C04S10I02,C04S10I0A,C04S10I12,C04S10I1A,,,C04S15I08,C04S21I08,C04S0AO18,C04S0BO18,,C04S08I10
25,C04S01I0a,,C04S10I03,C04S10I0B,C04S10I13,C04S10I1B,,,C04S17I14,C04S23I14,C04S0AO19,C04S0BO19,,C04S08I11
26,C04S01I0b,,C04S10I04,C04S10I0C,C04S10I14,C04S10I1C,,,C04S17I15,C04S23I15,C04S0AO1A,C04S0BO1A,,C04S08I12
27,C04S01I0C,,C04S10I05,C04S10I0D,C04S10I15,C04S10I1D,,,C04S17I16,C04S23I16,C04S0AO1B,C04S0BO1B,,C04S08I13
28,C04S01I0d,,C04S10I06,C04S10I0E,C04S10I16,C04S10I1E,,,C04S17I17,C04S23I17,C04S0AO1C,C04S0BO1C,,C04S08I14
29,C04S01I0e,,C04S10I07,C04S10I0F,C04S10I17,C04S10I1F,,,,,C04S0AO1D,C04S0BO1D,,C04S08I15
30,C04S01I0f,,C06S01I00,C06S06I00,C06S0BI00,C06S10I00,,,,,C04S0AO1E,C04S0BO1E,,C04S08I16
31,C04S01I10,,C06S01I01,C06S06I01,C06S0BI01,C06S10I01,,,,,C04S0AO1F,C04S0BO1F,,C04S08I17
32,C04S01I11,,C06S01I02,C06S06I02,C06S0BI02,C06S10I02,,,C04S17I00,C04S23I00,,,,C04S08I18
33,C04S01I12,,C06S01I03,C06S06I03,C06S0BI03,C06S10I03,,,C04S17I01,C04S23I01,,,,C04S08I19
34,C04S01I13,,C06S01I04,C06S06I04,C06S0BI04,C06S10I04,,,C04S17I04,C04S23I04,,,,C04S08I1A
35,C04S01I14,,C06S01I05,C06S06I05,C06S0BI05,C06S10I05,,,C04S17I05,C04S23I05,,,,C04S08I1B
36,,,C06S01I06,C06S06I06,C06S0BI06,C06S10I06,,,C04S17I08,C04S23I08,,,,C04S08I1C
37,,,C06S01I07,C06S06I07,C06S0BI07,C06S10I07,,,C04S17I09,C04S23I09,,,,C04S08I1D
38,,,C06S01I08,C06S06I08,C06S0BI08,C06S10I08,,,C04S17I0C,C04S23I0C,,,,C04S08I1E
39,,,C06S01I09,C06S06I09,C06S0BI09,C06S10I09,,,C04S17I0D,C04S23I0D,,,,C04S08I1F
40,,,C06S01I0A,C06S06I0A,C06S0BI0A,C06S10I0A,,,C04S19I00,C04S25I00,,,,V1B0016
41,,,C06S01I0B,C06S06I0B,C06S0BI0B,C06S10I0B,,,C04S19I01,C04S25I01,,,,
42,,,C06S01I0C,C06S06I0C,C06S0BI0C,C06S10I0C,,,C04S19I04,C04S25I04,,,,
43,,,C06S01I0D,C06S06I0D,C06S0BI0D,C06S10I0D,,,C04S19I05,C04S25I05,,,,
44,,,C06S01I0E,C06S06I0E,C06S0BI0E,C06S10I0E,,,C04S19I08,C04S25I08,,,,
45,,,C06S01I0F,C06S06I0F,C06S0BI0F,C06S10I0F,,,C04S19I09,C04S25I09,,,,
46,,,C06S01I10,C06S06I10,C06S0BI10,C06S10I10,,,C04S19I0C,C04S25I0C,,,,
47,,,C06S01I11,C06S06I11,C06S0BI11,C06S10I11,,,C04S19I0D,C04S25I0D,,,,
48,,,C06S01I12,C06S06I12,C06S0BI12,C06S10I12,,,C04S1BI00,C04S27I00,,,,
49,,,C06S01I13,C06S06I13,C06S0BI13,C06S10I13,,,C04S1BI01,C04S27I01,,,,
50,,,C06S01I14,C06S06I14,C06S0BI14,C06S10I14,,,C04S1BI04,C04S27I04,,,,
51,,,C06S01I15,C06S06I15,C06S0BI15,C06S10I15,,,C04S1BI05,C04S27I05,,,,
52,,,C06S01I16,C06S06I16,C06S0BI16,C06S10I16,,,C04S1BI08,C04S27I08,,,,
53,,,C06S01I17,C06S06I17,C06S0BI17,C06S10I17,,,C04S1BI09,C04S27I09,,,,
54,,,C06S01I18,C06S06I18,C06S0BI18,C06S10I18,,,C04S1BI0C,C04S27I0C,,,,
55,,,C06S01I19,C06S06I19,C06S0BI19,C06S10I19,,,C04S1BI0D,C04S27I0D,,,,
56,,,C06S01I1A,C06S06I1A,C06S0BI1A,C06S10I1A,,,C04S1DI00,C04S29I00,,,,
57,,,C06S01I1B,C06S06I1B,C06S0BI1B,C06S10I1B,,,C04S1DI01,C04S29I01,,,,
58,,,C06S01I1C,C06S06I1C,C06S0BI1C,C06S10I1C,,,C04S1DI04,C04S29I04,,,,
59,,,C06S01I1D,C06S06I1D,C06S0BI1D,C06S10I1D,,,C04S1DI05,C04S29I05,,,,
60,,,C06S01I1E,C06S06I1E,C06S0BI1E,C06S10I1E,,,C04S1DI08,C04S29I08,,,,
61,C04S02O00,,C06S01I1F,C06S06I1F,C06S0BI1F,C06S10I1F,,,C04S1DI09,C04S29I09,,,,
62,C04S02O02,,C06S02I00,C06S07I00,C06S0C0I00,C06S11I00,,,C04S1DI0C,C04S29I0C,,,,
63,C04S02O04,,C06S02I01,C06S07I01,C06S0CI01,C06S11I01,,,C04S1DI0D,C04S29I0D,,,,
64,C04S02O06,,C06S02I02,C06S07I02,C06S0CI02,C06S11I02,,,C04S17I10,C04S23I10,,,,C04S09O10
65,C04S02O01,,C06S02I03,C06S07I03,C06S0CI03,C06S11I03,,,C04S17I11,C04S23I11,,,,C04S09O11
66,C04S02O03,,C06S02I04,C06S07I04,C06S0CI04,C06S11I04,,,C04S17I12,C04S23I12,,,,C04S09O12
67,C04S02O05,,C06S02I05,C06S07I05,C06S0CI05,C06S11I05,,,C04S19I10,C04S25I10,,,,C04S09O13
68,C04S02O07,,C06S02I06,C06S07I06,C06S0CI06,C06S11I06,,,C04S19I11,C04S25I11,,,,C04S09O14
69,C04S02O08,,C06S02I07,C06S07I07,C06S0CI07,C06S11I07,,,C04S19I12,C04S25I12,,,,C04S09O15
70,C04S02O09,,C06S02I08,C06S07I08,C06S0CI08,C06S11I08,,,C04S1BI10,C04S27I10,,,,C04S09O16
71,,,C06S02I09,C06S07I09,C06S0CI09,C06S11I09,,,C04S1BI11,C04S27I11,,,,C04S09O17
72,,,C06S02I0A,C06S07I0A,C06S0CI0A,C06S11I0A,,,C04S1BI12,C04S27I12,,,,
73,,,C06S02I0B,C06S07I0B,C06S0CI0B,C06S11I0B,,,C04S1DI10,C04S29I10,,,,
74,,,C06S02I0C,C06S07I0C,C06S0CI0C,C06S11I0C,,,C04S1DI11,C04S29I11,,,,
75,,,C06S02I0D,C06S07I0D,C06S0CI0D,C06S11I0D,,,C04S1DI12,C04S29I12,,,,
76,,,C06S02I0E,C06S07I0E,C06S0CI0E,C06S11I0E,,,C04S17I13,C04S23I13,,,,
77,,,C06S02I0F,C06S07I0F,C06S0CI0F,C06S11I0F,,,C04S19I13,C04S25I13,,,,
78,,,C06S02I10,C06S07I10,C06S0CI10,C06S11I10,,,C04S1BI13,C04S27I13,,,,
79,,,C06S02I11,C06S07I11,C06S0CI11,C06S11I11,,,C04S1DI13,C04S29I13,,,,
80,,,C06S02I12,C06S07I12,C06S0CI12,C06S11I12,,,C04S1FI01,C04S2BI01,,,,
81,,,C06S02I13,C06S07I13,C06S0CI13,C06S11I13,,,C04S1FI02,C04S2BI02,,,,
82,,,C06S02I14,C06S07I14,C06S0CI14,C06S11I14,,,C04S1FI03,C04S2BI03,,,,
83,,,C06S02I15,C06S07I15,C06S0CI15,C06S11I15,,,C04S1FI04,C04S2BI04,,,,
84,,,C06S02I16,C06S07I16,C06S0CI16,C06S11I16,,,C04S1FI05,C04S2BI05,,,,
85,,,C06S02I17,C06S07I17,C06S0CI17,C06S11I17,,,C04S1FI06,C04S2BI06,,,,
86,,,C06S02I18,C06S07I18,C06S0CI18,C06S11I18,,,C04S1FI07,C04S2BI07,,,,
87,,,C06S02I19,C06S07I19,C06S0CI19,C06S11I19,,,C04S1FI08,C04S2BI08,,,,
88,,,C06S02I1A,C06S07I1A,C06S0CI1A,C06S11I1A,,,C04S1FI09,C04S2BI09,,,,
89,,,C06S02I1B,C06S07I1B,C06S0CI1B,C06S11I1B,,,C04S1FI0A,C04S2BI0A,,,,
90,,,C06S02I1C,C06S07I1C,C06S0CI1C,C06S11I1C,,,C04S1FI0B,C04S2BI0B,,,,
91,,,C06S02I1D,C06S07I1D,C06S0CI1D,C06S11I1D,,,C04S1FI0C,C04S2BI0C,,,,
92,,,C06S02I1E,C06S07I1E,C06S0CI1E,C06S11I1E,,,,,,,,
93,,,C06S02I1F,C06S07I1F,C06S0CI1F,C06S11I1F,,,,,,,,
94,,,C06S03O00,C06S08O00,C06S0DO00,C06S12O00,,,,,,,,
95,,,C06S03O01,C06S08O01,C06S0DO01,C06S12O01,,,,,C04S0CI15,C04S0DI15,,
96,,,C06S03O02,C06S08O02,C06S0DO02,C06S12O02,,,C04S17I02,C04S23I02,,,,
97,,,C06S03O03,C06S08O03,C06S0DO03,C06S12O03,,,C04S17I03,C04S23I03,,,,
98,,,C06S03O04,C06S08O04,C06S0DO04,C06S12O04,,,C04S17I06,C04S23I06,,,,
99,,,C06S03O05,C06S08O05,C06S0DO05,C06S12O05,,,C04S17I07,C04S23I07,,,,
100,,,C06S03O06,C06S08O06,C06S0DO06,C06S12O06,,,C04S17I0A,C04S23I0A,,,,
101,,,C06S03O07,C06S08O07,C06S0DO07,C06S12O07,,,C04S17I0B,C04S23I0B,,,,
102,,,C06S03O08,C06S08O08,C06S0DO08,C06S12O08,,,C04S17I0E,C04S23I0E,,,,
103,,,C06S03O09,C06S08O09,C06S0DO09,C06S12O09,,,C04S17I0F,C04S23I0F,,,,
104,,,C06S03O0A,C06S08O0A,C06S0DO0A,C06S12O0A,,,C04S19I02,C04S25I02,,,,
105,,,C06S03O0B,C06S08O0B,C06S0DO0B,C06S12O0B,,,C04S19I03,C04S25I03,,,,
106,,,C06S03O0C,C06S08O0C,C06S0DO0C,C06S12O0C,,,C04S19I06,C04S25I06,,,,
107,,,C06S03O0D,C06S08O0D,C06S0DO0D,C06S12O0D,,,C04S19I07,C04S25I07,,,,
108,,,C06S03O0E,C06S08O0E,C06S0DO0E,C06S12O0E,,,C04S19I0A,C04S25I0A,,,,
109,,,C06S03O0F,C06S08O0F,C06S0DO0F,C06S12O0F,,,C04S19I0B,C04S25I0B,,,,
110,,,C06S03O10,C06S08O10,C06S0DO10,C06S12O10,,,C04S19I0E,C04S25I0E,,,,
111,,,C06S03O11,C06S08O11,C06S0DO11,C06S12O11,,,C04S19I0F,C04S25I0F,,,,
112,,,C06S03O12,C06S08O12,C06S0DO12,C06S12O12,,,C04S1BI02,C04S27I02,,,,
113,,,C06S03O13,C06S08O13,C06S0DO13,C06S12O13,,,C04S1BI03,C04S27I03,,,,
114,,,C06S03O14,C06S08O14,C06S0DO14,C06S12O14,,,C04S1BI06,C04S27I06,,,,
115,,,C06S03O15,C06S08O15,C06S0DO15,C06S12O15,,,C04S1BI07,C04S27I07,,,,
116,,,C06S03O16,C06S08O16,C06S0DO16,C06S12O16,,,C04S1BI0A,C04S27I0A,,,,
117,,,C06S03O17,C06S08O17,C06S0DO17,C06S12O17,,,C04S1BI0B,C04S27I0B,,,,
118,,,C06S03O18,C06S08O18,C06S0DO18,C06S12O18,,,C04S1BI0E,C04S27I0E,,,,
119,,,C06S03O19,C06S08O19,C06S0DO19,C06S12O19,,,C04S1BI0F,C04S27I0F,,,,
120,,,C06S03O1A,C06S08O1A,C06S0DO1A,C06S12O1A,,,C04S1DI02,C04S29I02,,,,
121,,,C06S03O1B,C06S08O1B,C06S0DO1B,C06S12O1B,,,C04S1DI03,C04S29I03,,,,
122,,,C06S03O1C,C06S08O1C,C06S0DO1C,C06S12O1C,,,C04S1DI06,C04S29I06,,,,
123,,,C06S03O1D,C06S08O1D,C06S0DO1D,C06S12O1D,,,C04S1DI07,C04S29I07,,,,
124,,,C06S03O1E,C06S08O1E,C06S0DO1E,C06S12O1E,,,C04S1DI0A,C04S29I0A,,,,
125,,,C06S03O1F,C06S08O1F,C06S0DO1F,C06S12O1F,,,C04S1DI0B,C04S29I0B,,,,
126,,,C06S04O00,C06S09O00,C06S0EO00,C06S13O00,,,C04S1DI0E,C04S29I0E,,,,
127,,,C06S04O01,C06S09O01,C06S0EO01,C06S13O01,,,C04S1DI0F,C04S29I0F,,,,
128,,,C06S04O02,C06S09O02,C06S0EO02,C06S13O02,,,C04S16O00,C04S22O00,,,,
129,,,C06S04O03,C06S09O03,C06S0EO03,C06S13O03,,,C04S16O01,C04S22O01,,,,
130,,,C06S04O04,C06S09O04,C06S0EO04,C06S13O04,,,C04S16O02,C04S22O02,,,,
131,,,C06S04O05,C06S09O05,C06S0EO05,C06S13O05,,,C04S16O03,C04S22O03,,,,
132,,,C06S04O06,C06S09O06,C06S0EO06,C06S13O06,,,C04S16O04,C04S22O04,,,,
133,,,C06S04O07,C06S09O07,C06S0EO07,C06S13O07,,,C04S16O05,C04S22O05,,,,
134,,,C06S04O08,C06S09O08,C06S0EO08,C06S13O08,,,C04S16O06,C04S22O06,,,,
135,,,C06S04O09,C06S09O09,C06S0EO09,C06S13O09,,,C04S16O07,C04S22O07,,,,
136,,,C06S04O0A,C06S09O0A,C06S0EO0A,C06S13O0A,,,C04S18O10,C04S24O10,,,,
137,,,C06S04O0B,C06S09O0B,C06S0EO0B,C06S13O0B,,,C04S18O11,C04S24O11,,,,
138,,,C06S04O0C,C06S09O0C,C06S0EO0C,C06S13O0C,,,C04S1AO10,C04S26O10,,,,
139,,,C06S04O0D,C06S09O0D,C06S0EO0D,C06S13O0D,,,C04S1AO11,C04S26O11,,,,
140,,,C06S04O0E,C06S09O0E,C06S0EO0E,C06S13O0E,,,C04S1CO10,C04S28O10,,,,
141,,,C06S04O0F,C06S09O0F,C06S0EO0F,C06S13O0F,,,C04S1CO11,C04S28O11,,,,
142,,,C06S04O10,C06S09O10,C06S0EO10,C06S13O10,,,C04S1EO10,C04S2AO10,,,,
143,,,C06S04O11,C06S09O11,C06S0EO11,C06S13O11,,,C04S1EO11,C04S2AO11,,,,
144,,,C06S04O12,C06S09O12,C06S0EO12,C06S13O12,,,C04S18O00,C04S24O00,,,,
145,,,C06S04O13,C06S09O13,C06S0EO13,C06S13O13,,,C04S18O01,C04S24O01,,,,
146,,,C06S04O14,C06S09O14,C06S0EO14,C06S13O14,,,C04S18O04,C04S24O04,,,,
147,,,C06S04O15,C06S09O15,C06S0EO15,C06S13O15,,,C04S18O05,C04S24O05,,,,
148,,,C06S04O16,C06S09O16,C06S0EO16,C06S13O16,,,C04S18O08,C04S24O08,,,,
149,,,C06S04O17,C06S09O17,C06S0EO17,C06S13O17,,,C04S18O09,C04S24O09,,,,
150,,,C06S04O18,C06S09O18,C06S0EO18,C06S13O18,,,C04S18O0C,C04S24O0C,,,,
151,,,C06S04O19,C06S09O19,C06S0EO19,C06S13O19,,,C04S18O0D,C04S24O0D,,,,
152,,,C06S04O1A,C06S09O1A,C06S0EO1A,C06S13O1A,,,C04S1AO00,C04S26O00,,,,
153,,,C06S04O1B,C06S09O1B,C06S0EO1B,C06S13O1B,,,C04S1AO01,C04S26O01,,,,
154,,,C06S04O1C,C06S09O1C,C06S0EO1C,C06S13O1C,,,C04S1AO04,C04S26O04,,,,
155,,,C06S04O1D,C06S09O1D,C06S0EO1D,C06S13O1D,,,C04S1AO05,C04S26O05,,,,
156,,,C06S04O1E,C06S09O1E,C06S0EO1E,C06S13O1E,,,C04S1AO08,C04S26O08,,,,
157,,,C06S04O1F,C06S09O1F,C06S0EO1F,C06S13O1F,,,C04S1AO09,C04S26O09,,,,
158,,,C06S05I00,C06S0AI00,C06S0FI00,C06S14I00,,,C04S1AO0C,C04S26O0C,,,,
159,,,C06S05I01,C06S0AI01,C06S0FI01,C06S14I01,,,C04S1AO0D,C04S26O0D,,,,
160,,,C06S05I02,C06S0AI02,C06S0FI02,C06S14I02,,,C04S1CO00,C04S28O00,,,,
161,,,C06S05I03,C06S0AI03,C06S0FI03,C06S14I03,,,C04S1CO01,C04S28O01,,,,
162,,,C06S05I04,C06S0AI04,C06S0FI04,C06S14I04,,,C04S1CO04,C04S28O04,,,,
163,,,C06S05I05,C06S0AI05,C06S0FI05,C06S14I05,,,C04S1CO05,C04S28O05,,,,
164,,,C06S05I06,C06S0AI06,C06S0FI06,C06S14I06,,,C04S1CO08,C04S28O08,,,,
165,,,C06S05I07,C06S0AI07,C06S0FI07,C06S14I07,,,C04S1CO09,C04S28O09,,,,
166,,,C06S05I08,C06S0AI08,C06S0FI08,C06S14I08,,,C04S1CO0C,C04S28O0C,,,,
167,,,C06S05I09,C06S0AI09,C06S0FI09,C06S14I09,,,C04S1CO0D,C04S28O0D,,,,
168,,,C06S05I0A,C06S0AI0A,C06S0FI0A,C06S14I0A,,,C04S1EO00,C04S2AO00,,,,
169,,,C06S05I0B,C06S0AI0B,C06S0FI0B,C06S14I0B,,,C04S1EO01,C04S2AO01,,,,
170,,,C06S05I0C,C06S0AI0C,C06S0FI0C,C06S14I0C,,,C04S1EO04,C04S2AO04,,,,
171,,,C06S05I0D,C06S0AI0D,C06S0FI0D,C06S14I0D,,,C04S1EO05,C04S2AO05,,,,
172,,,C06S05I0E,C06S0AI0E,C06S0FI0E,C06S14I0E,,,C04S1EO08,C04S2AO08,,,,
173,,,C06S05I0F,C06S0AI0F,C06S0FI0F,C06S14I0F,,,C04S1EO09,C04S2AO09,,,,
174,,,C06S05O10,C06S0AO10,C06S0FO10,C06S14O10,,,C04S1EO0C,C04S2AO0C,,,,
175,,,C06S05O11,C06S0AO11,C06S0FO11,C06S14O11,,,C04S1EO0D,C04S2AO0D,,,,
176,,,C06S05O12,C06S0AO12,C06S0FO12,C06S14O12,,,C04S18O12,C04S24O12,,,,
177,,,C06S05O13,C06S0AO13,C06S0FO13,C06S14O13,,,C04S18O13,C04S24O13,,,,
178,,,C06S05O14,C06S0AO14,C06S0FO14,C06S14O14,,,C04S18O14,C04S24O14,,,,
179,,,C06S05O15,C06S0AO15,C06S0FO15,C06S14O15,,,C04S18O15,C04S24O15,,,,
180,,,C06S05O16,C06S0AO16,C06S0FO16,C06S14O16,,,C04S1AO12,C04S26O12,,,,
181,,,C06S05O17,C06S0AO17,C06S0FO17,C06S14O17,,,C04S1AO13,C04S26O13,,,,
182,,,C06S05O18,C06S0AO18,C06S0FO18,C06S14O18,,,C04S1AO14,C04S26O14,,,,
183,,,C06S05O19,C06S0AO19,C06S0FO19,C06S14O19,,,C04S1AO15,C04S26O15,,,,
184,,,C06S05O1A,C06S0AO1A,C06S0FO1A,C06S14O1A,,,C04S1CO12,C04S28O12,,,,
185,,,C06S05O1B,C06S0AO1B,C06S0FO1B,C06S14O1B,,,C04S1CO13,C04S28O13,,,,
186,,,C06S05O1C,C06S0AO1C,C06S0FO1C,C06S14O1C,,,C04S1CO14,C04S28O14,,,,
187,,,C06S05O1D,C06S0AO1D,C06S0FO1D,C06S14O1D,,,C04S1CO15,C04S28O15,,,,
188,,,C06S05O1E,C06S0AO1E,C06S0FO1E,C06S14O1E,,,C04S1EO12,C04S2AO12,,,,
189,,,C06S05O1F,C06S0AO1F,C06S0FO1F,C06S14O1F,,,C04S1EO13,C04S2AO13,,,,
190,,,C06S15I00,C06S15I08,C06S16I00,C06S16I08,,,C04S1EO14,C04S2AO14,,,,
191,,,C06S15I01,C06S15I09,C06S16I01,C06S16I09,,,C04S1EO15,C04S2AO15,,,,
192,,,C06S15I02,C06S15I0A,C06S16I02,C06S16I0A,,,C04S20O00,C04S2CO00,,,,
193,,,C06S15I03,C06S15I0B,C06S16I03,C06S16I0B,,,C04S20O01,C04S2CO01,,,,
194,,,C06S15I04,C06S15I0C,C06S16I04,C06S16I0C,,,C04S20O02,C04S2CO02,,,,
195,,,C06S15I05,C06S15I0D,C06S16I05,C06S16I0D,,,C04S20O03,C04S2CO03,,,,
196,,,C06S15I06,C06S15I0E,C06S16I06,C06S16I0E,,,C04S20O04,C04S2CO04,,,,
197,,,C06S15I07,C06S15I0F,C06S16I07,C06S16I0F,,,C04S20O05,C04S2CO05,,,,
198,,,C06S15I10,C06S15I14,C06S16I10,C06S16I18,,,C04S20O06,C04S2CO06,,,,
199,,,C06S15I11,C06S15I15,C06S16I11,C06S16I19,,,C04S20O07,C04S2CO07,,,,
200,,,C06S15I12,C06S15I16,C06S16I12,C06S16I1A,,,C04S20O08,C04S2CO08,,,,
201,,,C06S15I13,C06S15I17,C06S16I13,C06S16I1B,,,C04S20O09,C04S2CO09,,,,
202,,,C06S15I18,C06S15I1C,C06S16I14,C06S16I1C,,,C04S20O0A,C04S2CO0A,,,,
203,,,C06S15I19,C06S15I1D,C06S16I15,C06S16I1D,,,C04S20O0B,C04S2CO0B,,,,
204,,,C06S15I1A,C06S15I1E,C06S16I16,C06S16I1E,,,C04S20O0C,C04S2CO0C,,,,
205,,,C06S15I1B,C06S15I1F,C06S16I17,C06S16I1F,,,C04S20O0D,C04S2CO0D,,,,
206,,,,,,,,,C04S20O0E,C04S2CO0E,,,,
207,,,,,,,,,C04S20O0F,C04S2CO0F,,,,
208,,,,,,,,,C04S20O10,C04S2CO10,,,,
209,,,,,,,,,C04S20O11,C04S2CO11,,,,
210,,,,,,,,,C04S20O12,C04S2CO12,,,,
211,,,,,,,,,C04S20O13,C04S2CO13,,,,
212,,,,,,,,,C04S20O14,C04S2CO14,,,,
213,,,,,,,,,C04S20O15,C04S2CO15,,,,
214,,,,,,,,,C04S20O16,C04S2CO16,,,,
215,,,,,,,,,C04S20O17,C04S2CO17,,,,
216,,,,,,,,,C04S18O02,C04S24O02,,,,
217,,,,,,,,,C04S18O03,C04S24O03,,,,
218,,,,,,,,,C04S18O06,C04S24O06,,,,
219,,,,,,,,,C04S18O07,C04S24O07,,,,
220,,,,,,,,,C04S18O0A,C04S24O0A,,,,
221,,,,,,,,,C04S18O0B,C04S24O0B,,,,
222,,,,,,,,,C04S18O0E,C04S24O0E,,,,
223,,,,,,,,,C04S18O0F,C04S24O0F,,,,
224,,,,,,,,,C04S1AO02,C04S26O02,,,,
225,,,,,,,,,C04S1AO03,C04S26O03,,,,
226,,,,,,,,,C04S1AO06,C04S26O06,,,,
227,,,,,,,,,C04S1AO07,C04S26O07,,,,
228,,,,,,,,,C04S1AO0A,C04S26O0A,,,,
229,,,,,,,,,C04S1AO0B,C04S26O0B,,,,
230,,,,,,,,,C04S1AO0E,C04S26O0E,,,,
231,,,,,,,,,C04S1AO0F,C04S26O0F,,,,
232,,,,,,,,,C04S1CO02,C04S28O02,,,,
233,,,,,,,,,C04S1CO03,C04S28O03,,,,
234,,,,,,,,,C04S1CO06,C04S28O06,,,,
235,,,,,,,,,C04S1CO07,C04S28O07,,,,
236,,,,,,,,,C04S1CO0A,C04S28O0A,,,,
237,,,,,,,,,C04S1CO0B,C04S28O0B,,,,
238,,,,,,,,,C04S1CO0E,C04S28O0E,,,,
239,,,,,,,,,C04S1CO0F,C04S28O0F,,,,
240,,,,,,,,,C04S1EO02,C04S2AO02,,,,
241,,,,,,,,,C04S1EO03,C04S2AO03,,,,
242,,,,,,,,,C04S1EO06,C04S2AO06,,,,
243,,,,,,,,,C04S1EO07,C04S2AO07,,,,
244,,,,,,,,,C04S1EO0A,C04S2AO0A,,,,
245,,,,,,,,,C04S1EO0B,C04S2AO0B,,,,
246,,,,,,,,,C04S1EO0E,C04S2AO0E,,,,
247,,,,,,,,,C04S1EO0F,C04S2AO0F,,,,
